allele,core_peptide,peptide,score,rank,Frequency
DQB1*06:02,ELGAAIRVG,EAPELGAAIRVGRGA,0.9109,0.01,0.1268
DRB1*09:01,YRAANGLRV,AGGGAYRAANGLRVR,0.9188,0.01,0.0162
DQB1*06:02,QHGIHIQGS,TGERQHGIHIQGSDP,0.9217,0.01,0.1268
DQB1*06:02,QHGIHIQGS,GERQHGIHIQGSDPG,0.9288,0.01,0.1268
DRB1*09:01,YRAANGLRV,GGGAYRAANGLRVRD,0.9514,0.01,0.0162
DRB1*09:01,YRAANGLRV,GGAYRAANGLRVRDE,0.9599,0.01,0.0162
DRB1*04:01,FYLDATLRA,DSGFYLDATLRASRL,0.9757,0.01,0.0447
DRB1*04:01,FYLDATLRA,ADSGFYLDATLRASR,0.9818,0.01,0.0447
DRB1*01:01,YRAANGLRV,GGGAYRAANGLRVRD,0.9877,0.01,0.1166
DRB1*01:01,YRAANGLRV,GGAYRAANGLRVRDE,0.9915,0.01,0.1166
DRB1*09:01,YRAANGLRV,GAYRAANGLRVRDEG,0.9087,0.02,0.0162
DRB1*07:01,YRAANGLRV,GGAYRAANGLRVRDE,0.9803,0.02,0.1344
DRB1*07:01,YRAANGLRV,GGGAYRAANGLRVRD,0.9756,0.03,0.1344
DRB4*01:01,IHIQGSDPG,QHGIHIQGSDPGGVR,0.9416,0.04,0.0
DRB1*01:01,FKVLTVNTL,AGRFKVLTVNTLAGS,0.9779,0.04,0.1166
DQB1*03:01,PAGGAVPGG,GDAPAGGAVPGGAVP,0.9236,0.05,0.2053
DQB1*03:01,ITGGRAAGV,GGHITGGRAAGVAAM,0.9246,0.05,0.2053
DQB1*03:01,ITGGRAAGV,DGGHITGGRAAGVAA,0.9318,0.05,0.2053
DRB1*01:01,YRAANGLRV,GAYRAANGLRVRDEG,0.9763,0.05,0.1166
DRB4*01:01,IHIQGSDPG,RQHGIHIQGSDPGGV,0.922,0.06,0.0
DRB1*07:01,YRAANGLRV,AGGGAYRAANGLRVR,0.9553,0.06,0.1344
DRB1*04:01,FYLDATLRA,IADSGFYLDATLRAS,0.9553,0.06,0.0447
DQB1*03:01,AGGAVPGGA,DAPAGGAVPGGAVPG,0.9119,0.07,0.2053
DRB4*01:01,IHIQGSDPG,HGIHIQGSDPGGVRT,0.903,0.08,0.0
DQB1*03:01,ITGGRAAGV,LDGGHITGGRAAGVA,0.9075,0.08,0.2053
DRB1*07:01,YRAANGLRV,GAYRAANGLRVRDEG,0.9374,0.08,0.1344
DRB1*07:01,YEYSKGPKL,YASYEYSKGPKLAMP,0.9398,0.08,0.1344
DRB1*03:01,LENDFKVAG,ASRLENDFKVAGSDG,0.9545,0.1,0.0811
DRB1*01:01,YRAANGLRV,AGGGAYRAANGLRVR,0.9673,0.1,0.1166
DRB1*04:05,YIKASVLQE,VQPYIKASVLQEFDG,0.9546,0.11,0.0033
DRB1*03:01,LENDFKVAG,RASRLENDFKVAGSD,0.9444,0.12,0.0811
DRB1*01:01,FKVLTVNTL,EAGRFKVLTVNTLAG,0.9622,0.13,0.1166
DRB1*07:01,YEYSKGPKL,LYASYEYSKGPKLAM,0.9086,0.15,0.1344
DRB1*04:01,WYAESNALS,ASTLWYAESNALSKR,0.9264,0.15,0.0447
DRB1*04:01,LVVMQDASG,SDKLVVMQDASGQHR,0.9255,0.16,0.0447
DRB1*04:05,YIKASVLQE,QVQPYIKASVLQEFD,0.9337,0.16,0.0033
DRB1*04:01,WYAESNALS,STLWYAESNALSKRL,0.9024,0.2,0.0447
DRB1*03:01,LVADHATLA,AGKLVADHATLANVG,0.9128,0.28,0.0811
DRB1*01:01,FTHADGWFL,GRRFTHADGWFLEPQ,0.9182,0.35,0.1166
DRB1*01:01,VQIERGANV,AGGVQIERGANVTVQ,0.9168,0.37,0.1166
DRB1*01:01,VAAMQGAVV,AAGVAAMQGAVVHLQ,0.9126,0.4,0.1166
